0,1.04e+02
0.0050000000000000001,1.34e+02
0.01,1.38e+02
0.014999999999999999,1.38e+02
0.02,1.51e+02
0.024899999999999999,1.61e+02
0.029899999999999999,1.68e+02
0.0349,1.72e+02
0.039899999999999998,1.74e+02
0.046399999999999997,1.76e+02
0.0499,1.76e+02
0.054899999999999997,1.76e+02
0.059799999999999999,1.80e+02
0.066299999999999998,1.83e+02
0.069800000000000001,1.84e+02
0.074800000000000005,1.88e+02
0.079799999999999996,1.90e+02
0.084699999999999998,1.92e+02
0.089700000000000002,1.97e+02
0.094700000000000006,2.03e+02
0.1012,2.14e+02
0.1046,2.29e+02
0.1095,2.64e+02
0.1145,3.08e+02
0.1195,3.71e+02
0.1244,4.64e+02
0.12939999999999999,5.82e+02
0.1358,7.58e+02
0.13930000000000001,8.35e+02
0.1444,9.34e+02
0.14929999999999999,8.85e+02
0.15570000000000001,1.01e+03
0.15920000000000001,1.16e+03
0.1656,1.42e+03
0.1691,1.58e+03
0.1741,1.79e+03
0.17899999999999999,2.02e+03
0.18390000000000001,2.25e+03
0.19040000000000001,2.61e+03
0.1938,2.63e+03
0.1988,2.77e+03
0.20369999999999999,3.00e+03
0.2087,3.21e+03
0.2137,3.37e+03
0.21859999999999999,3.48e+03
0.22359999999999999,3.60e+03
0.22850000000000001,3.73e+03
0.2334,3.88e+03
0.2399,4.09e+03
0.24329999999999999,4.19e+03
0.2482,4.36e+03
0.25469999999999998,4.59e+03
0.2581,4.73e+03
0.26300000000000001,4.92e+03
0.26790000000000003,5.11e+03
0.27289999999999998,5.30e+03
0.27779999999999999,5.51e+03
0.28270000000000001,5.74e+03
0.28760000000000002,6.24e+03
0.29260000000000003,6.48e+03
0.29749999999999999,6.80e+03
0.3024,7.12e+03
0.30730000000000002,7.35e+03
0.31219999999999998,7.59e+03
0.31719999999999998,7.91e+03
0.3221,8.17e+03
0.32700000000000001,8.48e+03
0.33339999999999997,8.92e+03
0.33679999999999999,9.14e+03
0.34160000000000001,9.48e+03
0.34649999999999997,9.82e+03
0.35149999999999998,1.02e+04
0.35630000000000001,1.05e+04
0.36120000000000002,1.09e+04
0.36759999999999998,1.14e+04
0.371,1.16e+04
0.37580000000000002,1.20e+04
0.38069999999999998,1.23e+04
0.3856,1.27e+04
0.39050000000000001,1.31e+04
0.39539999999999997,1.34e+04
0.40029999999999999,1.38e+04
0.40510000000000002,1.42e+04
0.40999999999999998,1.46e+04
0.4148,1.50e+04
0.41970000000000002,1.53e+04
0.42459999999999998,1.57e+04
0.42949999999999999,1.61e+04
0.43440000000000001,1.65e+04
0.44090000000000001,1.70e+04
0.44419999999999998,1.73e+04
0.44919999999999999,1.76e+04
0.4541,1.80e+04
0.45910000000000001,1.85e+04
0.46400000000000002,1.88e+04
0.46899999999999997,1.92e+04
0.47389999999999999,1.96e+04
0.47889999999999999,2.00e+04
0.48380000000000001,2.04e+04
0.48880000000000001,2.07e+04
0.49370000000000003,2.11e+04
0.49869999999999998,2.15e+04
0.50360000000000005,2.19e+04
0.50860000000000005,2.22e+04
0.51359999999999995,2.26e+04
0.51849999999999996,2.30e+04
0.52349999999999997,2.33e+04
0.52839999999999998,2.37e+04
0.53339999999999999,2.40e+04
0.53839999999999999,2.44e+04
0.54330000000000001,2.47e+04
0.54830000000000001,2.51e+04
0.55330000000000001,2.54e+04
0.55830000000000002,2.57e+04
0.56330000000000002,2.60e+04
0.56989999999999996,2.66e+04
0.57330000000000003,2.67e+04
0.57820000000000005,2.70e+04
0.58330000000000004,2.74e+04
0.58819999999999995,2.77e+04
0.59319999999999995,2.80e+04
0.59819999999999995,2.83e+04
0.60319999999999996,2.85e+04
0.60819999999999996,2.88e+04
0.61319999999999997,2.90e+04
0.61819999999999997,2.92e+04
0.62319999999999998,2.94e+04
0.62819999999999998,2.97e+04
0.63319999999999999,2.99e+04
0.63819999999999999,3.01e+04
0.64319999999999999,3.03e+04
0.6482,3.06e+04
0.6532,3.08e+04
0.65820000000000001,3.10e+04
0.66320000000000001,3.12e+04
0.66820000000000002,3.13e+04
0.67320000000000002,3.15e+04
0.67820000000000003,3.17e+04
0.68320000000000003,3.19e+04
0.68820000000000003,3.20e+04
0.69499999999999995,3.22e+04
0.69820000000000004,3.23e+04
0.70320000000000005,3.25e+04
0.70820000000000005,3.26e+04
0.71319999999999995,3.28e+04
0.71819999999999995,3.29e+04
0.72319999999999995,3.30e+04
0.72809999999999997,3.32e+04
0.73309999999999997,3.33e+04
0.73809999999999998,3.34e+04
0.74299999999999999,3.35e+04
0.748,3.37e+04
0.75290000000000001,3.38e+04
0.75790000000000002,3.39e+04
0.76280000000000003,3.40e+04
0.76780000000000004,3.41e+04
0.77270000000000005,3.42e+04
0.77769999999999995,3.43e+04
0.78269999999999995,3.44e+04
0.78759999999999997,3.45e+04
0.79259999999999997,3.46e+04
0.79759999999999998,3.47e+04
0.80259999999999998,3.48e+04
0.80759999999999998,3.49e+04
0.81259999999999999,3.50e+04
0.81759999999999999,3.51e+04
0.8226,3.52e+04
0.8276,3.53e+04
0.83260000000000001,3.54e+04
0.83750000000000002,3.55e+04
0.84250000000000003,3.56e+04
0.84750000000000003,3.57e+04
0.85250000000000004,3.58e+04
0.85750000000000004,3.58e+04
0.86250000000000004,3.59e+04
0.86750000000000005,3.60e+04
0.87250000000000005,3.61e+04
0.87749999999999995,3.62e+04
0.88419999999999999,3.63e+04
0.88749999999999996,3.64e+04
0.89249999999999996,3.64e+04
0.89749999999999996,3.65e+04
0.90249999999999997,3.66e+04
0.90739999999999998,3.67e+04
0.91239999999999999,3.68e+04
0.91739999999999999,3.69e+04
0.9224,3.69e+04
0.9274,3.70e+04
0.93240000000000001,3.71e+04
0.93740000000000001,3.72e+04
0.94240000000000002,3.73e+04
0.94740000000000002,3.73e+04
0.95240000000000002,3.74e+04
0.95740000000000003,3.75e+04
0.96240000000000003,3.76e+04
0.96740000000000004,3.77e+04
0.97240000000000004,3.77e+04
0.97740000000000005,3.78e+04
0.98240000000000005,3.79e+04
0.98740000000000006,3.80e+04
0.99229999999999996,3.80e+04
0.99729999999999996,3.81e+04
1.0022,3.82e+04
1.0072000000000001,3.83e+04
1.0122,3.83e+04
1.0170999999999999,3.84e+04
1.0221,3.85e+04
1.0270999999999999,3.86e+04
1.0321,3.86e+04
1.0370999999999999,3.87e+04
1.042,3.88e+04
1.0469999999999999,3.89e+04
1.052,3.89e+04
1.0569999999999999,3.90e+04
1.0619000000000001,3.91e+04
1.0669,3.92e+04
1.0719000000000001,3.92e+04
1.0769,3.93e+04
1.0819000000000001,3.94e+04
1.0869,3.95e+04
1.0918000000000001,3.95e+04
1.0968,3.96e+04
1.1017999999999999,3.97e+04
1.1068,3.97e+04
1.1117999999999999,3.98e+04
1.1168,3.99e+04
1.1217999999999999,4.00e+04
1.1268,4.00e+04
1.1318999999999999,4.01e+04
1.1369,4.02e+04
1.1418999999999999,4.02e+04
1.1469,4.03e+04
1.1518999999999999,4.04e+04
1.1569,4.05e+04
1.1618999999999999,4.05e+04
1.1669,4.06e+04
1.1718999999999999,4.07e+04
1.177,4.07e+04
1.1819999999999999,4.08e+04
1.1870000000000001,4.09e+04
1.1919999999999999,4.09e+04
1.1970000000000001,4.10e+04
1.202,4.11e+04
1.2070000000000001,4.11e+04
1.212,4.12e+04
1.2170000000000001,4.13e+04
1.2219,4.14e+04
1.2269000000000001,4.14e+04
1.2319,4.15e+04
1.2369000000000001,4.16e+04
1.2418,4.16e+04
1.2467999999999999,4.17e+04
1.2518,4.18e+04
1.2567999999999999,4.18e+04
1.2617,4.19e+04
1.2666999999999999,4.20e+04
1.2717000000000001,4.20e+04
1.2766999999999999,4.21e+04
1.2817000000000001,4.22e+04
1.2867,4.22e+04
1.2916000000000001,4.23e+04
1.2966,4.24e+04
1.3016000000000001,4.24e+04
1.3066,4.25e+04
1.3116000000000001,4.26e+04
1.3166,4.26e+04
1.3214999999999999,4.27e+04
1.3265,4.28e+04
1.3314999999999999,4.29e+04
1.3365,4.29e+04
1.3413999999999999,4.30e+04
1.3464,4.30e+04
1.3513999999999999,4.31e+04
1.3564000000000001,4.32e+04
1.3613999999999999,4.32e+04
1.3664000000000001,4.33e+04
1.3732,4.34e+04
1.3764000000000001,4.34e+04
1.3814,4.35e+04
1.3864000000000001,4.36e+04
1.3914,4.36e+04
1.3964000000000001,4.37e+04
1.4014,4.38e+04
1.4064000000000001,4.38e+04
1.4114,4.39e+04
1.4162999999999999,4.40e+04
1.4213,4.40e+04
1.4262999999999999,4.41e+04
1.4313,4.42e+04
1.4362999999999999,4.42e+04
1.4413,4.43e+04
1.4462999999999999,4.44e+04
1.4513,4.44e+04
1.4562999999999999,4.45e+04
1.4613,4.45e+04
1.4662999999999999,4.46e+04
1.4713000000000001,4.47e+04
1.4762999999999999,4.47e+04
1.4813000000000001,4.48e+04
1.4863,4.49e+04
1.4912000000000001,4.49e+04
1.4962,4.50e+04
1.5012000000000001,4.51e+04
1.5062,4.51e+04
1.5111000000000001,4.52e+04
1.5161,4.52e+04
1.5210999999999999,4.53e+04
1.526,4.54e+04
1.5309999999999999,4.54e+04
1.536,4.55e+04
1.5409999999999999,4.56e+04
1.546,4.56e+04
1.5508999999999999,4.57e+04
1.5559000000000001,4.57e+04
1.5609,4.58e+04
1.5659000000000001,4.59e+04
1.5709,4.59e+04
1.5758000000000001,4.60e+04
1.5809,4.61e+04
1.5858000000000001,4.61e+04
1.5908,4.62e+04
1.5958000000000001,4.62e+04
1.6008,4.63e+04
1.6059000000000001,4.64e+04
1.6109,4.64e+04
1.6158999999999999,4.65e+04
1.6209,4.66e+04
1.6258999999999999,4.66e+04
1.631,4.67e+04
1.6359999999999999,4.67e+04
1.641,4.68e+04
1.6459999999999999,4.69e+04
1.651,4.69e+04
1.6559999999999999,4.70e+04
1.661,4.71e+04
1.6659999999999999,4.71e+04
1.671,4.72e+04
1.6759999999999999,4.72e+04
1.681,4.73e+04
1.6859999999999999,4.74e+04
1.6910000000000001,4.74e+04
1.696,4.75e+04
1.7010000000000001,4.75e+04
1.706,4.76e+04
1.7110000000000001,4.77e+04
1.716,4.77e+04
1.7210000000000001,4.78e+04
1.726,4.78e+04
1.7310000000000001,4.79e+04
1.7359,4.80e+04
1.7408999999999999,4.80e+04
1.7458,4.81e+04
1.7507999999999999,4.82e+04
1.7557,4.82e+04
1.7606999999999999,4.83e+04
1.7656000000000001,4.83e+04
1.7706,4.84e+04
1.7756000000000001,4.85e+04
1.7806,4.85e+04
1.7856000000000001,4.86e+04
1.7906,4.87e+04
1.7956000000000001,4.87e+04
1.8006,4.88e+04
1.8056000000000001,4.88e+04
1.8106,4.89e+04
1.8156000000000001,4.90e+04
1.8206,4.90e+04
1.8255999999999999,4.91e+04
1.8306,4.91e+04
1.8355999999999999,4.92e+04
1.8406,4.93e+04
1.8455999999999999,4.93e+04
1.8506,4.94e+04
1.8555999999999999,4.94e+04
1.8606,4.95e+04
1.8656999999999999,4.96e+04
1.8707,4.96e+04
1.8756999999999999,4.97e+04
1.8807,4.97e+04
1.8856999999999999,4.98e+04
1.8907,4.99e+04
1.8956999999999999,4.99e+04
1.9007000000000001,5.00e+04
1.9056999999999999,5.00e+04
1.9107000000000001,5.01e+04
1.9157,5.02e+04
1.9207000000000001,5.02e+04
1.9258,5.03e+04
1.9308000000000001,5.03e+04
1.9358,5.04e+04
1.9408000000000001,5.05e+04
1.9458,5.05e+04
1.9508000000000001,5.06e+04
1.9558,5.06e+04
1.9609000000000001,5.07e+04
1.9659,5.07e+04
1.9709000000000001,5.08e+04
1.9759,5.09e+04
1.9809000000000001,5.09e+04
1.9858,5.10e+04
1.9907999999999999,5.10e+04
1.9958,5.11e+04
2.0007000000000001,5.12e+04
2.0057,5.12e+04
2.0106000000000002,5.13e+04
2.0156000000000001,5.13e+04
2.0206,5.14e+04
2.0255999999999998,5.14e+04
2.0306000000000002,5.15e+04
2.0356000000000001,5.16e+04
2.0405000000000002,5.16e+04
2.0455000000000001,5.17e+04
2.0505,5.17e+04
2.0554999999999999,5.18e+04
2.0604,5.19e+04
2.0653999999999999,5.19e+04
2.0703999999999998,5.20e+04
2.0754000000000001,5.20e+04
2.0804,5.21e+04
2.0853999999999999,5.21e+04
2.0903,5.22e+04
2.0952999999999999,5.23e+04
2.1002999999999998,5.23e+04
2.1053000000000002,5.24e+04
2.1103000000000001,5.24e+04
2.1153,5.25e+04
2.1202999999999999,5.26e+04
2.1253000000000002,5.26e+04
2.1320999999999999,5.27e+04
2.1353,5.27e+04
2.1402999999999999,5.28e+04
2.1453000000000002,5.28e+04
2.1503000000000001,5.29e+04
2.1553,5.30e+04
2.1602999999999999,5.30e+04
2.1652999999999998,5.31e+04
2.1701999999999999,5.31e+04
2.1751999999999998,5.32e+04
2.1802000000000001,5.32e+04
2.1852,5.33e+04
2.1901999999999999,5.34e+04
2.1951999999999998,5.34e+04
2.2002000000000002,5.35e+04
2.2052999999999998,5.35e+04
2.2101999999999999,5.36e+04
2.2153,5.36e+04
2.2202000000000002,5.37e+04
2.2252000000000001,5.38e+04
2.2302,5.38e+04
2.2351999999999999,5.39e+04
2.2401,5.39e+04
2.2450999999999999,5.40e+04
2.2501000000000002,5.41e+04
2.2551000000000001,5.41e+04
2.2599999999999998,5.42e+04
2.2650000000000001,5.42e+04
2.27,5.43e+04
2.2749999999999999,5.43e+04
2.2799,5.44e+04
2.2848999999999999,5.45e+04
2.2898999999999998,5.45e+04
2.2949000000000002,5.46e+04
2.2999000000000001,5.46e+04
2.3048999999999999,5.47e+04
2.3098999999999998,5.47e+04
2.3149000000000002,5.48e+04
2.3199000000000001,5.49e+04
2.3249,5.49e+04
2.3298999999999999,5.50e+04
2.3349000000000002,5.50e+04
2.3397999999999999,5.51e+04
2.3449,5.51e+04
2.3498000000000001,5.52e+04
2.3549000000000002,5.53e+04
2.3599000000000001,5.53e+04
2.3649,5.54e+04
2.3698999999999999,5.54e+04
2.3748999999999998,5.55e+04
2.3799999999999999,5.55e+04
2.3849999999999998,5.56e+04
2.3900000000000001,5.57e+04
2.395,5.57e+04
2.3999999999999999,5.58e+04
2.4049999999999998,5.58e+04
2.4100000000000001,5.59e+04
2.415,5.60e+04
2.4199999999999999,5.60e+04
2.4249999999999998,5.61e+04
2.4298999999999999,5.61e+04
2.4350000000000001,5.62e+04
2.4399999999999999,5.62e+04
2.4449999999999998,5.63e+04
2.4500000000000002,5.64e+04
2.4550000000000001,5.64e+04
2.46,5.65e+04
2.4651000000000001,5.65e+04
2.4701,5.66e+04
2.4750999999999999,5.66e+04
2.4801000000000002,5.67e+04
2.4851000000000001,5.68e+04
2.4900000000000002,5.68e+04
2.4950000000000001,5.69e+04
2.5,5.69e+04
2.5049999999999999,5.70e+04
2.5099999999999998,5.70e+04
2.5148999999999999,5.71e+04
2.5198999999999998,5.72e+04
2.5249000000000001,5.72e+04
2.5297999999999998,5.73e+04
2.5348000000000002,5.73e+04
2.5398000000000001,5.74e+04
2.5448,5.74e+04
2.5497999999999998,5.75e+04
2.5548000000000002,5.76e+04
2.5596999999999999,5.76e+04
2.5647000000000002,5.77e+04
2.5697000000000001,5.77e+04
2.5747,5.78e+04
2.5796999999999999,5.78e+04
2.5847000000000002,5.79e+04
2.5897000000000001,5.80e+04
2.5947,5.80e+04
2.5996999999999999,5.81e+04
2.6046999999999998,5.81e+04
2.6097000000000001,5.82e+04
2.6147,5.82e+04
2.6196999999999999,5.83e+04
2.6248,5.84e+04
2.6297999999999999,5.84e+04
2.6347999999999998,5.85e+04
2.6398000000000001,5.85e+04
2.6448,5.86e+04
2.6497000000000002,5.86e+04
2.6547999999999998,5.87e+04
2.6597,5.88e+04
2.6646999999999998,5.88e+04
2.6697000000000002,5.89e+04
2.6747000000000001,5.89e+04
2.6797,5.90e+04
2.6846999999999999,5.90e+04
2.6897000000000002,5.91e+04
2.6947000000000001,5.92e+04
2.6997,5.92e+04
2.7046999999999999,5.93e+04
2.7097000000000002,5.93e+04
2.7147000000000001,5.94e+04
2.7197,5.94e+04
2.7246999999999999,5.95e+04
2.7296999999999998,5.96e+04
2.7347000000000001,5.96e+04
2.7397,5.97e+04
2.7446999999999999,5.97e+04
2.7496,5.98e+04
2.7545999999999999,5.99e+04
2.7595000000000001,5.99e+04
2.7645,6.00e+04
2.7694999999999999,6.00e+04
2.7745000000000002,6.01e+04
2.7793999999999999,6.01e+04
2.7844000000000002,6.02e+04
2.7894999999999999,6.03e+04
2.7945000000000002,6.03e+04
2.7995000000000001,6.04e+04
2.8045,6.04e+04
2.8094999999999999,6.05e+04
2.8144,6.06e+04
2.8193999999999999,6.06e+04
2.8243999999999998,6.07e+04
2.8294000000000001,6.07e+04
2.8344,6.08e+04
2.8393999999999999,6.08e+04
2.8443999999999998,6.09e+04
2.8494000000000002,6.10e+04
2.8544,6.10e+04
2.8595000000000002,6.11e+04
2.8645,6.11e+04
2.8694999999999999,6.12e+04
2.8744999999999998,6.12e+04
2.8795000000000002,6.13e+04
2.8845000000000001,6.14e+04
2.8895,6.14e+04
2.8944999999999999,6.15e+04
2.8995000000000002,6.15e+04
2.9045000000000001,6.16e+04
2.9095,6.17e+04
2.9144999999999999,6.17e+04
2.9195000000000002,6.18e+04
2.9245000000000001,6.18e+04
2.9295,6.19e+04
2.9344999999999999,6.19e+04
2.9396,6.20e+04
2.9445999999999999,6.21e+04
2.9496000000000002,6.21e+04
2.9546000000000001,6.22e+04
2.9596,6.22e+04
2.9664000000000001,6.23e+04
2.9697,6.24e+04
2.9746999999999999,6.24e+04
2.9796999999999998,6.25e+04
2.9845999999999999,6.25e+04
2.9895999999999998,6.26e+04
2.9946000000000002,6.26e+04
2.9994999999999998,6.27e+04
3.0045000000000002,6.28e+04
3.0095000000000001,6.28e+04
3.0144000000000002,6.29e+04
3.0194000000000001,6.29e+04
3.0244,6.30e+04
3.0293999999999999,6.30e+04
3.0344000000000002,6.31e+04
3.0394000000000001,6.32e+04
3.0444,6.32e+04
3.0493999999999999,6.33e+04
3.0543999999999998,6.33e+04
3.0594000000000001,6.34e+04
3.0644,6.35e+04
3.0695000000000001,6.35e+04
3.0745,6.36e+04
3.0794999999999999,6.36e+04
3.0844999999999998,6.37e+04
3.0893999999999999,6.38e+04
3.0943999999999998,6.38e+04
3.0994999999999999,6.39e+04
3.1044,6.39e+04
3.1095000000000002,6.40e+04
3.1145,6.40e+04
3.1194999999999999,6.41e+04
3.1244999999999998,6.42e+04
3.1295000000000002,6.42e+04
3.1345999999999998,6.43e+04
3.1396000000000002,6.43e+04
3.1446000000000001,6.44e+04
3.1496,6.45e+04
3.1545999999999998,6.45e+04
3.1596000000000002,6.46e+04
3.1646000000000001,6.46e+04
3.1696,6.47e+04
3.1745999999999999,6.48e+04
3.1796000000000002,6.48e+04
3.1846000000000001,6.49e+04
3.1896,6.49e+04
3.1945000000000001,6.50e+04
3.1995,6.51e+04
3.2044999999999999,6.51e+04
3.2094999999999998,6.52e+04
3.2145000000000001,6.52e+04
3.2195,6.53e+04
3.2244999999999999,6.53e+04
3.2294999999999998,6.54e+04
3.2345000000000002,6.55e+04
3.2395,6.55e+04
3.2444999999999999,6.56e+04
3.2494999999999998,6.56e+04
3.2545000000000002,6.57e+04
3.2593999999999999,6.58e+04
3.2644000000000002,6.58e+04
3.2694000000000001,6.59e+04
3.2744,6.59e+04
3.2793999999999999,6.60e+04
3.2844000000000002,6.61e+04
3.2892999999999999,6.61e+04
3.2942999999999998,6.62e+04
3.2993000000000001,6.62e+04
3.3043,6.63e+04
3.3109999999999999,6.64e+04
3.3142999999999998,6.64e+04
3.3193000000000001,6.65e+04
3.3241999999999998,6.65e+04
3.3292000000000002,6.66e+04
3.3342000000000001,6.67e+04
3.3391999999999999,6.67e+04
3.3441000000000001,6.68e+04
3.3491,6.68e+04
3.3540999999999999,6.69e+04
3.3591000000000002,6.70e+04
3.3641000000000001,6.70e+04
3.3691,6.71e+04
3.3740999999999999,6.71e+04
3.3792,6.72e+04
3.3841999999999999,6.73e+04
3.3892000000000002,6.73e+04
3.3942000000000001,6.74e+04
3.3992,6.74e+04
3.4041999999999999,6.75e+04
3.4091999999999998,6.76e+04
3.4140999999999999,6.76e+04
3.4192,6.77e+04
3.4241000000000001,6.77e+04
3.4291,6.78e+04
3.4340999999999999,6.79e+04
3.4392,6.79e+04
3.4441999999999999,6.80e+04
3.4491999999999998,6.81e+04
3.4542000000000002,6.81e+04
3.4592000000000001,6.82e+04
3.4643000000000002,6.82e+04
3.4693000000000001,6.83e+04
3.4742999999999999,6.83e+04
3.4792999999999998,6.84e+04
3.4843000000000002,6.85e+04
3.4893000000000001,6.85e+04
3.4943,6.86e+04
3.4992999999999999,6.87e+04
3.5043000000000002,6.87e+04
3.5091999999999999,6.88e+04
3.5142000000000002,6.88e+04
3.5192000000000001,6.89e+04
3.5242,6.89e+04
3.5291999999999999,6.90e+04
3.5341999999999998,6.91e+04
3.5392000000000001,6.91e+04
3.5442,6.92e+04
3.5491999999999999,6.93e+04
3.5541999999999998,6.93e+04
3.5592000000000001,6.94e+04
3.5642,6.94e+04
3.5691999999999999,6.95e+04
3.5741999999999998,6.96e+04
3.5792000000000002,6.96e+04
3.5842000000000001,6.97e+04
3.5891999999999999,6.97e+04
3.5941999999999998,6.98e+04
3.5992000000000002,6.99e+04
3.6042000000000001,6.99e+04
3.6093000000000002,7.00e+04
3.6143000000000001,7.01e+04
3.6193,7.01e+04
3.6242999999999999,7.02e+04
3.6294,7.02e+04
3.6343999999999999,7.03e+04
3.6394000000000002,7.04e+04
3.6444000000000001,7.04e+04
3.6494,7.05e+04
3.6543999999999999,7.05e+04
3.6594000000000002,7.06e+04
3.6644000000000001,7.07e+04
3.6694,7.07e+04
3.6743999999999999,7.08e+04
3.6793999999999998,7.08e+04
3.6844000000000001,7.09e+04
3.6894,7.10e+04
3.6943999999999999,7.10e+04
3.6993999999999998,7.11e+04
3.7044000000000001,7.11e+04
3.7094999999999998,7.12e+04
3.7145000000000001,7.13e+04
3.7195,7.13e+04
3.7244999999999999,7.14e+04
3.7294999999999998,7.15e+04
3.7345000000000002,7.15e+04
3.7395,7.16e+04
3.7444999999999999,7.16e+04
3.7494999999999998,7.17e+04
3.7544,7.18e+04
3.7593999999999999,7.18e+04
3.7644000000000002,7.19e+04
3.7694000000000001,7.20e+04
3.7744,7.20e+04
3.7793999999999999,7.21e+04
3.7843,7.21e+04
3.7892999999999999,7.22e+04
3.7942999999999998,7.23e+04
3.7993000000000001,7.23e+04
3.8043,7.24e+04
3.8092999999999999,7.25e+04
3.8142999999999998,7.25e+04
3.8193000000000001,7.26e+04
3.8243,7.26e+04
3.8292999999999999,7.27e+04
3.8342999999999998,7.28e+04
3.8393000000000002,7.28e+04
3.8441999999999998,7.29e+04
3.8492000000000002,7.30e+04
3.8542000000000001,7.30e+04
3.8592,7.31e+04
3.8641999999999999,7.31e+04
3.8692000000000002,7.32e+04
3.8742000000000001,7.33e+04
3.8792,7.33e+04
3.8841999999999999,7.34e+04
3.8893,7.35e+04
3.8942000000000001,7.35e+04
3.8993000000000002,7.36e+04
3.9043000000000001,7.36e+04
3.9093,7.37e+04
3.9142999999999999,7.38e+04
3.9192999999999998,7.38e+04
3.9243000000000001,7.39e+04
3.9293,7.40e+04
3.9342999999999999,7.40e+04
3.9392999999999998,7.41e+04
3.9443999999999999,7.42e+04
3.9493999999999998,7.42e+04
3.9544000000000001,7.43e+04
3.9594,7.43e+04
3.9645000000000001,7.44e+04
3.9695,7.45e+04
3.9744999999999999,7.45e+04
3.9794999999999998,7.46e+04
3.9845000000000002,7.47e+04
3.9895,7.47e+04
3.9944000000000002,7.48e+04
3.9994000000000001,7.48e+04
4.0044000000000004,7.49e+04
4.0092999999999996,7.50e+04
4.0143000000000004,7.50e+04
4.0193000000000003,7.51e+04
4.0242000000000004,7.52e+04
4.0292000000000003,7.52e+04
4.0342000000000002,7.53e+04
4.0392000000000001,7.54e+04
4.0442,7.54e+04
4.0491999999999999,7.55e+04
4.0541999999999998,7.55e+04
4.0591999999999997,7.56e+04
4.0641999999999996,7.57e+04
4.0692000000000004,7.57e+04
4.0742000000000003,7.58e+04
4.0792000000000002,7.59e+04
4.0842000000000001,7.59e+04
4.0891000000000002,7.60e+04
4.0941000000000001,7.61e+04
4.0991,7.61e+04
4.1040999999999999,7.62e+04
4.1092000000000004,7.62e+04
4.1142000000000003,7.63e+04
4.1192000000000002,7.64e+04
4.1242000000000001,7.64e+04
4.1292999999999997,7.65e+04
4.1342999999999996,7.66e+04
4.1393000000000004,7.66e+04
4.1444000000000001,7.67e+04
4.1494,7.68e+04
4.1543999999999999,7.68e+04
4.1595000000000004,7.69e+04
4.1645000000000003,7.70e+04
4.1695000000000002,7.70e+04
4.1745000000000001,7.71e+04
4.1795,7.71e+04
4.1844999999999999,7.72e+04
4.1896000000000004,7.73e+04
4.1946000000000003,7.73e+04
4.1996000000000002,7.74e+04
4.2046999999999999,7.75e+04
4.2096999999999998,7.75e+04
4.2146999999999997,7.76e+04
4.2196999999999996,7.77e+04
4.2247000000000003,7.77e+04
4.2297000000000002,7.78e+04
4.2347000000000001,7.79e+04
4.2397,7.79e+04
4.2446000000000002,7.80e+04
4.2496,7.81e+04
4.2545999999999999,7.81e+04
4.2595999999999998,7.82e+04
4.2645999999999997,7.82e+04
4.2695999999999996,7.83e+04
4.2746000000000004,7.84e+04
4.2796000000000003,7.84e+04
4.2846000000000002,7.85e+04
4.2896000000000001,7.86e+04
4.2946,7.86e+04
4.2995999999999999,7.87e+04
4.3045999999999998,7.88e+04
4.3095999999999997,7.88e+04
4.3146000000000004,7.89e+04
4.3196000000000003,7.90e+04
4.3246000000000002,7.90e+04
4.3296000000000001,7.91e+04
4.3346,7.92e+04
4.3395999999999999,7.92e+04
4.3445999999999998,7.93e+04
4.3495999999999997,7.94e+04
4.3545999999999996,7.94e+04
4.3596000000000004,7.95e+04
4.3647,7.96e+04
4.3696999999999999,7.96e+04
4.3746999999999998,7.97e+04
4.3798000000000004,7.98e+04
4.3848000000000003,7.98e+04
4.3898000000000001,7.99e+04
4.3948999999999998,8.00e+04
4.3998999999999997,8.00e+04
4.4048999999999996,8.01e+04
4.4099000000000004,8.02e+04
4.4149000000000003,8.02e+04
4.4199000000000002,8.03e+04
4.4249000000000001,8.04e+04
4.4298999999999999,8.04e+04
4.4348999999999998,8.05e+04
4.4398999999999997,8.06e+04
4.4450000000000003,8.06e+04
4.4500000000000002,8.07e+04
4.4550000000000001,8.08e+04
4.46,8.08e+04
4.4650999999999996,8.09e+04
4.4701000000000004,8.09e+04
4.4751000000000003,8.10e+04
4.4801000000000002,8.11e+04
4.4851000000000001,8.12e+04
4.4901,8.12e+04
4.4950000000000001,8.13e+04
4.5,8.14e+04
4.5049999999999999,8.14e+04
4.5099999999999998,8.15e+04
4.5148999999999999,8.16e+04
4.5198999999999998,8.16e+04
4.5248999999999997,8.17e+04
4.5298999999999996,8.18e+04
4.5349000000000004,8.18e+04
4.5397999999999996,8.19e+04
4.5448000000000004,8.20e+04
4.5498000000000003,8.20e+04
4.5548000000000002,8.21e+04
4.5598000000000001,8.22e+04
4.5648,8.22e+04
4.5697999999999999,8.23e+04
4.5747999999999998,8.24e+04
4.5796999999999999,8.24e+04
4.5848000000000004,8.25e+04
4.5898000000000003,8.26e+04
4.5948000000000002,8.26e+04
4.5998000000000001,8.27e+04
4.6048,8.28e+04
4.6097999999999999,8.28e+04
4.6147999999999998,8.29e+04
4.6197999999999997,8.30e+04
4.6249000000000002,8.30e+04
4.6299000000000001,8.31e+04
4.6349,8.32e+04
4.6398999999999999,8.32e+04
4.6448999999999998,8.33e+04
4.6497999999999999,8.34e+04
4.6547999999999998,8.34e+04
4.6597999999999997,8.35e+04
4.6647999999999996,8.36e+04
4.6696999999999997,8.36e+04
4.6746999999999996,8.37e+04
4.6797000000000004,8.38e+04
4.6847000000000003,8.38e+04
4.6897000000000002,8.39e+04
4.6947999999999999,8.40e+04
4.6997999999999998,8.40e+04
4.7047999999999996,8.41e+04
4.7098000000000004,8.42e+04
4.7148000000000003,8.42e+04
4.7199,8.43e+04
4.7248999999999999,8.44e+04
4.7298999999999998,8.45e+04
4.7348999999999997,8.45e+04
4.7398999999999996,8.46e+04
4.7449000000000003,8.47e+04
4.7499000000000002,8.47e+04
4.7549000000000001,8.48e+04
4.7599,8.49e+04
4.7648999999999999,8.49e+04
4.7698999999999998,8.50e+04
4.7748999999999997,8.51e+04
4.7798999999999996,8.51e+04
4.7850000000000001,8.52e+04
4.79,8.53e+04
4.7949999999999999,8.53e+04
4.7999999999999998,8.54e+04
4.8049999999999997,8.55e+04
4.8101000000000003,8.56e+04
4.8151000000000002,8.56e+04
4.8201000000000001,8.57e+04
4.8250999999999999,8.58e+04
4.8301999999999996,8.58e+04
4.8352000000000004,8.59e+04
4.8402000000000003,8.60e+04
4.8452000000000002,8.60e+04
4.8502000000000001,8.61e+04
4.8552,8.62e+04
4.8601999999999999,8.63e+04
4.8651999999999997,8.63e+04
4.8701999999999996,8.64e+04
4.8753000000000002,8.65e+04
4.8803000000000001,8.65e+04
4.8853,8.66e+04
4.8902999999999999,8.67e+04
4.8952999999999998,8.67e+04
4.9002999999999997,8.68e+04
4.9053000000000004,8.69e+04
4.9103000000000003,8.70e+04
4.9153000000000002,8.70e+04
4.9203000000000001,8.71e+04
4.9253,8.72e+04
4.9302999999999999,8.72e+04
4.9352999999999998,8.73e+04
4.9402999999999997,8.74e+04
4.9454000000000002,8.74e+04
4.9504000000000001,8.75e+04
4.9554,8.76e+04
4.9604999999999997,8.76e+04
4.9654999999999996,8.77e+04
4.9705000000000004,8.78e+04
4.9755000000000003,8.79e+04
4.9805000000000001,8.79e+04
4.9855,8.80e+04
4.9904999999999999,8.81e+04
4.9954000000000001,8.81e+04
5.0004,8.82e+04
5.0053999999999998,8.83e+04
5.0103,8.84e+04
5.0152999999999999,8.84e+04
5.0202999999999998,8.85e+04
5.0252999999999997,8.86e+04
5.0301999999999998,8.86e+04
5.0351999999999997,8.87e+04
5.0401999999999996,8.88e+04
5.0452000000000004,8.88e+04
5.0502000000000002,8.89e+04
5.0552000000000001,8.90e+04
5.0602,8.91e+04
5.0651999999999999,8.91e+04
5.0701000000000001,8.92e+04
5.0750999999999999,8.93e+04
5.0800999999999998,8.93e+04
5.0850999999999997,8.94e+04
5.0900999999999996,8.95e+04
5.0951000000000004,8.96e+04
5.1001000000000003,8.96e+04
5.1051000000000002,8.97e+04
5.1101000000000001,8.98e+04
5.1151,8.98e+04
5.1200999999999999,8.99e+04
5.1250999999999998,9.00e+04
5.1300999999999997,9.01e+04
5.1352000000000002,9.01e+04
5.1401000000000003,9.02e+04
5.1468999999999996,9.03e+04
5.1501000000000001,9.03e+04
5.1551,9.04e+04
5.1600999999999999,9.05e+04
5.1650999999999998,9.05e+04
5.1700999999999997,9.06e+04
5.1750999999999996,9.07e+04
5.1801000000000004,9.08e+04
5.1851000000000003,9.08e+04
5.1901000000000002,9.09e+04
5.1951000000000001,9.10e+04
5.2000999999999999,9.11e+04
5.2051999999999996,9.11e+04
5.2102000000000004,9.12e+04
5.2152000000000003,9.13e+04
5.2202000000000002,9.13e+04
5.2252000000000001,9.14e+04
5.2302,9.15e+04
5.2351999999999999,9.16e+04
5.2401,9.16e+04
5.2450999999999999,9.17e+04
5.2500999999999998,9.18e+04
5.2550999999999997,9.19e+04
5.2599999999999998,9.19e+04
5.2649999999999997,9.20e+04
5.2699999999999996,9.21e+04
5.2748999999999997,9.21e+04
5.2798999999999996,9.22e+04
5.2849000000000004,9.23e+04
5.2899000000000003,9.24e+04
5.2949000000000002,9.24e+04
5.2999000000000001,9.25e+04
5.3048999999999999,9.26e+04
5.3098000000000001,9.27e+04
5.3148,9.27e+04
5.3197999999999999,9.28e+04
5.3247999999999998,9.29e+04
5.3297999999999996,9.29e+04
5.3348000000000004,9.30e+04
5.3398000000000003,9.31e+04
5.3448000000000002,9.32e+04
5.3498000000000001,9.32e+04
5.3548,9.33e+04
5.3597999999999999,9.34e+04
5.3648999999999996,9.35e+04
5.3699000000000003,9.35e+04
5.3749000000000002,9.36e+04
5.3799000000000001,9.37e+04
5.3849999999999998,9.38e+04
5.3899999999999997,9.38e+04
5.3949999999999996,9.39e+04
5.4000000000000004,9.40e+04
5.4050000000000002,9.41e+04
5.4100000000000001,9.41e+04
5.415,9.42e+04
5.4199999999999999,9.43e+04
5.4250999999999996,9.44e+04
5.4301000000000004,9.44e+04
5.4351000000000003,9.45e+04
5.4401000000000002,9.46e+04
5.4451999999999998,9.46e+04
5.4501999999999997,9.47e+04
5.4551999999999996,9.48e+04
5.4603000000000002,9.49e+04
5.4653,9.50e+04
5.4702999999999999,9.50e+04
5.4753999999999996,9.51e+04
5.4802999999999997,9.52e+04
5.4854000000000003,9.52e+04
5.4903000000000004,9.53e+04
5.4953000000000003,9.54e+04
5.5003000000000002,9.55e+04
5.5053000000000001,9.55e+04
5.5102000000000002,9.56e+04
5.5152000000000001,9.57e+04
5.5202,9.58e+04
5.5251999999999999,9.58e+04
5.5301999999999998,9.59e+04
5.5351999999999997,9.60e+04
5.5400999999999998,9.61e+04
5.5450999999999997,9.61e+04
5.5500999999999996,9.62e+04
5.5551000000000004,9.63e+04
5.5601000000000003,9.64e+04
5.5651000000000002,9.64e+04
5.5701000000000001,9.65e+04
5.5750999999999999,9.66e+04
5.5800999999999998,9.67e+04
5.5850999999999997,9.67e+04
5.5900999999999996,9.68e+04
5.5952000000000002,9.69e+04
5.6002000000000001,9.70e+04
5.6052,9.70e+04
5.6101999999999999,9.71e+04
5.6153000000000004,9.72e+04
5.6201999999999996,9.73e+04
5.6253000000000002,9.73e+04
5.6303000000000001,9.74e+04
5.6353,9.75e+04
5.6402999999999999,9.76e+04
5.6452999999999998,9.76e+04
5.6502999999999997,9.77e+04
5.6553000000000004,9.78e+04
5.6601999999999997,9.79e+04
5.6651999999999996,9.79e+04
5.6702000000000004,9.80e+04
5.6752000000000002,9.81e+04
5.6802000000000001,9.82e+04
5.6852,9.83e+04
5.6901999999999999,9.83e+04
5.6951999999999998,9.84e+04
5.7001999999999997,9.85e+04
5.7051999999999996,9.86e+04
5.7102000000000004,9.86e+04
5.7152000000000003,9.87e+04
5.7202000000000002,9.88e+04
5.7252000000000001,9.89e+04
5.7302,9.89e+04
5.7351999999999999,9.90e+04
5.7401,9.91e+04
5.7450999999999999,9.92e+04
5.7500999999999998,9.92e+04
5.7550999999999997,9.93e+04
5.7599999999999998,9.94e+04
5.7649999999999997,9.95e+04
5.7699999999999996,9.95e+04
5.7750000000000004,9.96e+04
5.7800000000000002,9.97e+04
5.7850000000000001,9.98e+04
5.79,9.98e+04
5.7949999999999999,9.99e+04
5.7999999999999998,1.00e+05
5.8049999999999997,1.00e+05
5.8099999999999996,1.00e+05
5.8150000000000004,1.00e+05
5.8200000000000003,1.00e+05
5.8249000000000004,1.00e+05
5.8299000000000003,1.00e+05
5.8349000000000002,1.01e+05
5.8399000000000001,1.01e+05
5.8449,1.01e+05
5.8498999999999999,1.01e+05
5.8548999999999998,1.01e+05
5.8598999999999997,1.01e+05
5.8648999999999996,1.01e+05
5.8699000000000003,1.01e+05
5.8749000000000002,1.01e+05
5.8799000000000001,1.01e+05
5.8849,1.01e+05
5.8898999999999999,1.01e+05
5.8949999999999996,1.01e+05
5.8998999999999997,1.02e+05
5.9050000000000002,1.02e+05
5.9099000000000004,1.02e+05
5.915,1.02e+05
5.9199000000000002,1.02e+05
5.9249000000000001,1.02e+05
5.9299999999999997,1.02e+05
5.9349999999999996,1.02e+05
5.9400000000000004,1.02e+05
5.9450000000000003,1.02e+05
5.9500000000000002,1.02e+05
5.9550999999999998,1.02e+05
5.9600999999999997,1.02e+05
5.9650999999999996,1.03e+05
5.9701000000000004,1.03e+05
5.9751000000000003,1.03e+05
5.9802,1.03e+05
5.9851000000000001,1.03e+05
5.9901,1.03e+05
5.9950999999999999,1.03e+05
6.0000999999999998,1.03e+05
6.0050999999999997,1.03e+05
6.0099999999999998,1.03e+05
6.0149999999999997,1.03e+05
6.0199999999999996,1.03e+05
6.0250000000000004,1.04e+05
6.0300000000000002,1.04e+05
6.0350000000000001,1.04e+05
6.04,1.04e+05
6.0449999999999999,1.04e+05
6.0499999999999998,1.04e+05
6.0549999999999997,1.04e+05
6.0599999999999996,1.04e+05
6.0650000000000004,1.04e+05
6.0700000000000003,1.04e+05
6.0750999999999999,1.04e+05
6.0800999999999998,1.04e+05
6.0850999999999997,1.04e+05
6.0900999999999996,1.05e+05
6.0951000000000004,1.05e+05
6.1002000000000001,1.05e+05
6.1052,1.05e+05
6.1101999999999999,1.05e+05
6.1153000000000004,1.05e+05
6.1203000000000003,1.05e+05
6.1253000000000002,1.05e+05
6.1303999999999998,1.05e+05
6.1353999999999997,1.05e+05
6.1403999999999996,1.05e+05
6.1454000000000004,1.05e+05
6.1505000000000001,1.06e+05
6.1555,1.06e+05
6.1604999999999999,1.06e+05
6.1654999999999998,1.06e+05
6.1704999999999997,1.06e+05
6.1756000000000002,1.06e+05
6.1806000000000001,1.06e+05
6.1856,1.06e+05
6.1905999999999999,1.06e+05
6.1955999999999998,1.06e+05
6.2005999999999997,1.06e+05
6.2055999999999996,1.06e+05
6.2106000000000003,1.06e+05
6.2156000000000002,1.07e+05
6.2206000000000001,1.07e+05
6.2256,1.07e+05
6.2305999999999999,1.07e+05
6.2355999999999998,1.07e+05
6.2405999999999997,1.07e+05
6.2455999999999996,1.07e+05
6.2506000000000004,1.07e+05
6.2556000000000003,1.07e+05
6.2606000000000002,1.07e+05
6.2656000000000001,1.07e+05
6.2706,1.07e+05
6.2755999999999998,1.08e+05
6.2805999999999997,1.08e+05
6.2855999999999996,1.08e+05
6.2904999999999998,1.08e+05
6.2954999999999997,1.08e+05
6.3005000000000004,1.08e+05
6.3055000000000003,1.08e+05
6.3105000000000002,1.08e+05
6.3154000000000003,1.08e+05
6.3204000000000002,1.08e+05
6.3254000000000001,1.08e+05
6.3303000000000003,1.08e+05
6.3353000000000002,1.08e+05
6.3402000000000003,1.09e+05
6.3452000000000002,1.09e+05
6.3502000000000001,1.09e+05
6.3552,1.09e+05
6.3601999999999999,1.09e+05
6.3651999999999997,1.09e+05
6.3701999999999996,1.09e+05
6.3752000000000004,1.09e+05
6.3802000000000003,1.09e+05
6.3852000000000002,1.09e+05
6.3902000000000001,1.09e+05
6.3952,1.09e+05
6.4001999999999999,1.10e+05
6.4051999999999998,1.10e+05
6.4101999999999997,1.10e+05
6.4151999999999996,1.10e+05
6.4202000000000004,1.10e+05
6.4252000000000002,1.10e+05
6.4302000000000001,1.10e+05
6.4352999999999998,1.10e+05
6.4402999999999997,1.10e+05
6.4452999999999996,1.10e+05
6.4503000000000004,1.10e+05
6.4553000000000003,1.10e+05
6.4603000000000002,1.11e+05
6.4653999999999998,1.11e+05
6.4703999999999997,1.11e+05
6.4753999999999996,1.11e+05
6.4804000000000004,1.11e+05
6.4854000000000003,1.11e+05
6.4904000000000002,1.11e+05
6.4954000000000001,1.11e+05
6.5003000000000002,1.11e+05
6.5053000000000001,1.11e+05
6.5103,1.11e+05
6.5152999999999999,1.11e+05
6.5202999999999998,1.12e+05
6.5251999999999999,1.12e+05
6.5301999999999998,1.12e+05
6.5351999999999997,1.12e+05
6.5401999999999996,1.12e+05
6.5452000000000004,1.12e+05
6.5502000000000002,1.12e+05
6.5552000000000001,1.12e+05
6.5601000000000003,1.12e+05
6.5651000000000002,1.12e+05
6.5701000000000001,1.12e+05
6.5750999999999999,1.12e+05
6.5800999999999998,1.13e+05
6.5850999999999997,1.13e+05
6.5902000000000003,1.13e+05
6.5952000000000002,1.13e+05
6.6002000000000001,1.13e+05
6.6052,1.13e+05
6.6101999999999999,1.13e+05
6.6153000000000004,1.13e+05
6.6203000000000003,1.13e+05
6.6253000000000002,1.13e+05
6.6303000000000001,1.13e+05
6.6353999999999997,1.13e+05
6.6403999999999996,1.14e+05
6.6454000000000004,1.14e+05
6.6504000000000003,1.14e+05
6.6554000000000002,1.14e+05
6.6604000000000001,1.14e+05
6.6654,1.14e+05
6.6703999999999999,1.14e+05
6.6753999999999998,1.14e+05
6.6803999999999997,1.14e+05
6.6853999999999996,1.14e+05
6.6904000000000003,1.14e+05
6.6954000000000002,1.14e+05
6.7004000000000001,1.15e+05
6.7054,1.15e+05
6.7103999999999999,1.15e+05
6.7153999999999998,1.15e+05
6.7203999999999997,1.15e+05
6.7253999999999996,1.15e+05
6.7304000000000004,1.15e+05
6.7355,1.15e+05
6.7404000000000002,1.15e+05
6.7454000000000001,1.15e+05
6.7504,1.15e+05
6.7553999999999998,1.15e+05
6.7603999999999997,1.16e+05
6.7653999999999996,1.16e+05
6.7704000000000004,1.16e+05
6.7754000000000003,1.16e+05
6.7804000000000002,1.16e+05
6.7854999999999999,1.16e+05
6.7904999999999998,1.16e+05
6.7954999999999997,1.16e+05
6.8005000000000004,1.16e+05
6.8055000000000003,1.16e+05
6.8105000000000002,1.16e+05
6.8155000000000001,1.17e+05
6.8205,1.17e+05
6.8254999999999999,1.17e+05
6.8304999999999998,1.17e+05
6.8356000000000003,1.17e+05
6.8406000000000002,1.17e+05
6.8455000000000004,1.17e+05
6.8506,1.17e+05
6.8555999999999999,1.17e+05
6.8605999999999998,1.17e+05
6.8655999999999997,1.17e+05
6.8705999999999996,1.17e+05
6.8756000000000004,1.18e+05
6.8806000000000003,1.18e+05
6.8856000000000002,1.18e+05
6.8906000000000001,1.18e+05
6.8956,1.18e+05
6.9005999999999998,1.18e+05
6.9055999999999997,1.18e+05
6.9105999999999996,1.18e+05
6.9156000000000004,1.18e+05
6.9206000000000003,1.18e+05
6.9256000000000002,1.18e+05
6.9306000000000001,1.18e+05
6.9356,1.19e+05
6.9405000000000001,1.19e+05
6.9455,1.19e+05
6.9504000000000001,1.19e+05
6.9554,1.19e+05
6.9603999999999999,1.19e+05
6.9653999999999998,1.19e+05
6.9703999999999997,1.19e+05
6.9753999999999996,1.19e+05
6.9804000000000004,1.19e+05
6.9854000000000003,1.19e+05
6.9903000000000004,1.20e+05
6.9953000000000003,1.20e+05
7.0002000000000004,1.20e+05
7.0052000000000003,1.20e+05
7.0102000000000002,1.20e+05
7.0151000000000003,1.20e+05
7.0201000000000002,1.20e+05
7.0251000000000001,1.20e+05
7.0301,1.20e+05
7.0350999999999999,1.20e+05
7.04,1.20e+05
7.0449999999999999,1.20e+05
7.0499999999999998,1.21e+05
7.0549999999999997,1.21e+05
7.0599999999999996,1.21e+05
7.0650000000000004,1.21e+05
7.0700000000000003,1.21e+05
7.0750000000000002,1.21e+05
7.0815999999999999,1.21e+05
7.085,1.21e+05
7.0899999999999999,1.21e+05
7.0949999999999998,1.21e+05
7.0999999999999996,1.21e+05
7.1051000000000002,1.22e+05
7.1101000000000001,1.22e+05
7.1151,1.22e+05
7.1201999999999996,1.22e+05
7.1252000000000004,1.22e+05
7.1302000000000003,1.22e+05
7.1353,1.22e+05
7.1402999999999999,1.22e+05
7.1452999999999998,1.22e+05
7.1502999999999997,1.22e+05
7.1553000000000004,1.22e+05
7.1603000000000003,1.22e+05
7.1653000000000002,1.23e+05
7.1703000000000001,1.23e+05
7.1753,1.23e+05
7.1802999999999999,1.23e+05
7.1852999999999998,1.23e+05
7.1902999999999997,1.23e+05
7.1954000000000002,1.23e+05
7.2004000000000001,1.23e+05
7.2054,1.23e+05
7.2103999999999999,1.23e+05
7.2153999999999998,1.23e+05
7.2203999999999997,1.24e+05
7.2253999999999996,1.24e+05
7.2304000000000004,1.24e+05
7.2354000000000003,1.24e+05
7.2404000000000002,1.24e+05
7.2454000000000001,1.24e+05
7.2504,1.24e+05
7.2554999999999996,1.24e+05
7.2605000000000004,1.24e+05
7.2655000000000003,1.24e+05
7.2705000000000002,1.24e+05
7.2755000000000001,1.24e+05
7.2805,1.25e+05
7.2855999999999996,1.25e+05
7.2906000000000004,1.25e+05
7.2956000000000003,1.25e+05
7.3006000000000002,1.25e+05
7.3056000000000001,1.25e+05
7.3106,1.25e+05
7.3155999999999999,1.25e+05
7.3205999999999998,1.25e+05
7.3255999999999997,1.25e+05
7.3305999999999996,1.25e+05
7.3356000000000003,1.26e+05
7.3406000000000002,1.26e+05
7.3456000000000001,1.26e+05
7.3506,1.26e+05
7.3555999999999999,1.26e+05
7.3605999999999998,1.26e+05
7.3655999999999997,1.26e+05
7.3705999999999996,1.26e+05
7.3756000000000004,1.26e+05
7.3807,1.26e+05
7.3856999999999999,1.26e+05
7.3906999999999998,1.27e+05
7.3956999999999997,1.27e+05
7.4006999999999996,1.27e+05
7.4055999999999997,1.27e+05
7.4105999999999996,1.27e+05
7.4156000000000004,1.27e+05
7.4206000000000003,1.27e+05
7.4256000000000002,1.27e+05
7.4306000000000001,1.27e+05
7.4356,1.27e+05
7.4405999999999999,1.27e+05
7.4455999999999998,1.28e+05
7.4505999999999997,1.28e+05
7.4555999999999996,1.28e+05
7.4607000000000001,1.28e+05
7.4656000000000002,1.28e+05
7.4706999999999999,1.28e+05
7.4756999999999998,1.28e+05
7.4806999999999997,1.28e+05
7.4856999999999996,1.28e+05
7.4907000000000004,1.28e+05
7.4957000000000003,1.28e+05
7.5007000000000001,1.29e+05
7.5057,1.29e+05
7.5106999999999999,1.29e+05
7.5156999999999998,1.29e+05
7.5206,1.29e+05
7.5255999999999998,1.29e+05
7.5305999999999997,1.29e+05
7.5355999999999996,1.29e+05
7.5406000000000004,1.29e+05
7.5456000000000003,1.29e+05
7.5506000000000002,1.29e+05
7.5555000000000003,1.30e+05
7.5605000000000002,1.30e+05
7.5654000000000003,1.30e+05
7.5704000000000002,1.30e+05
7.5754000000000001,1.30e+05
7.5804,1.30e+05
7.5853999999999999,1.30e+05
7.5903,1.30e+05
7.5952999999999999,1.30e+05
7.6002999999999998,1.30e+05
7.6052999999999997,1.30e+05
7.6102999999999996,1.30e+05
7.6153000000000004,1.31e+05
7.6204000000000001,1.31e+05
7.6254,1.31e+05
7.6303999999999998,1.31e+05
7.6353999999999997,1.31e+05
7.6403999999999996,1.31e+05
7.6454000000000004,1.31e+05
7.6502999999999997,1.31e+05
7.6553000000000004,1.31e+05
7.6603000000000003,1.31e+05
7.6653000000000002,1.31e+05
7.6703000000000001,1.32e+05
7.6753,1.32e+05
7.6802999999999999,1.32e+05
7.6852999999999998,1.32e+05
7.6901999999999999,1.32e+05
7.6952999999999996,1.32e+05
7.7001999999999997,1.32e+05
7.7051999999999996,1.32e+05
7.7102000000000004,1.32e+05
7.7152000000000003,1.32e+05
7.7202000000000002,1.32e+05
7.7252000000000001,1.33e+05
7.7302,1.33e+05
7.7351999999999999,1.33e+05
7.7401999999999997,1.33e+05
7.7450999999999999,1.33e+05
7.7500999999999998,1.33e+05
7.7550999999999997,1.33e+05
7.7601000000000004,1.33e+05
7.7651000000000003,1.33e+05
7.7701000000000002,1.33e+05
7.7751000000000001,1.33e+05
7.7801,1.34e+05
7.7850999999999999,1.34e+05
7.7900999999999998,1.34e+05
7.7950999999999997,1.34e+05
7.8000999999999996,1.34e+05
7.8052000000000001,1.34e+05
7.8101000000000003,1.34e+05
7.8151999999999999,1.34e+05
7.8201000000000001,1.34e+05
7.8250999999999999,1.34e+05
7.8300999999999998,1.34e+05
7.8350999999999997,1.35e+05
7.8400999999999996,1.35e+05
7.8452000000000002,1.35e+05
7.8502000000000001,1.35e+05
7.8552,1.35e+05
7.8601999999999999,1.35e+05
7.8651999999999997,1.35e+05
7.8701999999999996,1.35e+05
7.8753000000000002,1.35e+05
7.8803000000000001,1.35e+05
7.8853,1.36e+05
7.8902000000000001,1.36e+05
7.8952999999999998,1.36e+05
7.9002999999999997,1.36e+05
7.9053000000000004,1.36e+05
7.9103000000000003,1.36e+05
7.9153000000000002,1.36e+05
7.9203000000000001,1.36e+05
7.9253,1.36e+05
7.9302999999999999,1.36e+05
7.9352999999999998,1.36e+05
7.9402999999999997,1.37e+05
7.9452999999999996,1.37e+05
7.9503000000000004,1.37e+05
7.9553000000000003,1.37e+05
7.9603000000000002,1.37e+05
7.9653,1.37e+05
7.9702999999999999,1.37e+05
7.9752999999999998,1.37e+05
7.9802999999999997,1.37e+05
7.9852999999999996,1.37e+05
7.9901999999999997,1.37e+05
7.9951999999999996,1.38e+05
8.0018999999999991,1.38e+05
8.0051000000000005,1.38e+05
8.0100999999999996,1.38e+05
8.0150000000000006,1.38e+05
8.0199999999999996,1.38e+05
8.0250000000000004,1.38e+05
8.0299999999999994,1.38e+05
8.0350000000000001,1.38e+05
8.0398999999999994,1.38e+05
8.0449000000000002,1.38e+05
8.0498999999999992,1.39e+05
8.0548999999999999,1.39e+05
8.0599000000000007,1.39e+05
8.0648999999999997,1.39e+05
8.0699000000000005,1.39e+05
8.0748999999999995,1.39e+05
8.0798000000000005,1.39e+05
8.0847999999999995,1.39e+05
8.0898000000000003,1.39e+05
8.0947999999999993,1.39e+05
8.0998999999999999,1.40e+05
8.1049000000000007,1.40e+05
8.1098999999999997,1.40e+05
8.1150000000000002,1.40e+05
8.1199999999999992,1.40e+05
8.125,1.40e+05
8.1300000000000008,1.40e+05
8.1349999999999998,1.40e+05
8.1400000000000006,1.40e+05
8.1449999999999996,1.40e+05
8.1500000000000004,1.40e+05
8.1549999999999994,1.41e+05
8.1600000000000001,1.41e+05
8.1649999999999991,1.41e+05
8.1699999999999999,1.41e+05
8.1750000000000007,1.41e+05
8.1799999999999997,1.41e+05
8.1850000000000005,1.41e+05
8.1898999999999997,1.41e+05
8.1949000000000005,1.41e+05
8.1998999999999995,1.41e+05
8.2049000000000003,1.41e+05
8.2098999999999993,1.42e+05
8.2148000000000003,1.42e+05
8.2197999999999993,1.42e+05
8.2248000000000001,1.42e+05
8.2297999999999991,1.42e+05
8.2347000000000001,1.42e+05
8.2396999999999991,1.42e+05
8.2446999999999999,1.42e+05
8.2495999999999992,1.42e+05
8.2545999999999999,1.42e+05
8.2596000000000007,1.43e+05
8.2645999999999997,1.43e+05
8.2695000000000007,1.43e+05
8.2744999999999997,1.43e+05
8.2795000000000005,1.43e+05
8.2844999999999995,1.43e+05
8.2895000000000003,1.43e+05
8.2944999999999993,1.43e+05
8.2994000000000003,1.43e+05
8.3043999999999993,1.43e+05
8.3094000000000001,1.43e+05
8.3143999999999991,1.44e+05
8.3193999999999999,1.44e+05
8.3242999999999991,1.44e+05
8.3292999999999999,1.44e+05
8.3343000000000007,1.44e+05
8.3392999999999997,1.44e+05
8.3443000000000005,1.44e+05
8.3492999999999995,1.44e+05
8.3543000000000003,1.44e+05
8.3592999999999993,1.44e+05
8.3643000000000001,1.45e+05
8.3693000000000008,1.45e+05
8.3742999999999999,1.45e+05
8.3794000000000004,1.45e+05
8.3843999999999994,1.45e+05
8.3894000000000002,1.45e+05
8.3942999999999994,1.45e+05
8.3993000000000002,1.45e+05
8.4042999999999992,1.45e+05
8.4093,1.45e+05
8.4143000000000008,1.45e+05
8.4192999999999998,1.46e+05
8.4243000000000006,1.46e+05
8.4292999999999996,1.46e+05
8.4343000000000004,1.46e+05
8.4392999999999994,1.46e+05
8.4443000000000001,1.46e+05
8.4494000000000007,1.46e+05
8.4543999999999997,1.46e+05
8.4594000000000005,1.46e+05
8.4643999999999995,1.46e+05
8.4694000000000003,1.47e+05
8.4743999999999993,1.47e+05
8.4794,1.47e+05
8.4844000000000008,1.47e+05
8.4893999999999998,1.47e+05
8.4944000000000006,1.47e+05
8.4993999999999996,1.47e+05
8.5044000000000004,1.47e+05
8.5093999999999994,1.47e+05
8.5144000000000002,1.47e+05
8.5193999999999992,1.47e+05
8.5244,1.48e+05
8.5294000000000008,1.48e+05
8.5343999999999998,1.48e+05
8.5394000000000005,1.48e+05
8.5443999999999996,1.48e+05
8.5494000000000003,1.48e+05
8.5543999999999993,1.48e+05
8.5594000000000001,1.48e+05
8.5643999999999991,1.48e+05
8.5693999999999999,1.48e+05
8.5744000000000007,1.49e+05
8.5793999999999997,1.49e+05
8.5844000000000005,1.49e+05
8.5893999999999995,1.49e+05
8.5944000000000003,1.49e+05
8.5993999999999993,1.49e+05
8.6044,1.49e+05
8.6094000000000008,1.49e+05
8.6143999999999998,1.49e+05
8.6194000000000006,1.49e+05
8.6243999999999996,1.50e+05
8.6294000000000004,1.50e+05
8.6343999999999994,1.50e+05
8.6394000000000002,1.50e+05
8.6443999999999992,1.50e+05
8.6494,1.50e+05
8.6542999999999992,1.50e+05
8.6593,1.50e+05
8.6643000000000008,1.50e+05
8.6692999999999998,1.50e+05
8.6742000000000008,1.50e+05
8.6791999999999998,1.51e+05
8.6842000000000006,1.51e+05
8.6891999999999996,1.51e+05
8.6942000000000004,1.51e+05
8.6991999999999994,1.51e+05
8.7042000000000002,1.51e+05
8.7090999999999994,1.51e+05
8.7141000000000002,1.51e+05
8.7190999999999992,1.51e+05
8.7241,1.51e+05
8.7291000000000007,1.52e+05
8.7340999999999998,1.52e+05
8.7391000000000005,1.52e+05
8.7440999999999995,1.52e+05
8.7490000000000006,1.52e+05
8.7539999999999996,1.52e+05
8.7590000000000003,1.52e+05
8.7639999999999993,1.52e+05
8.7689000000000004,1.52e+05
8.7738999999999994,1.52e+05
8.7789000000000001,1.53e+05
8.7838999999999992,1.53e+05
8.7888999999999999,1.53e+05
8.7939000000000007,1.53e+05
8.7988999999999997,1.53e+05
8.8038000000000007,1.53e+05
8.8087999999999997,1.53e+05
8.8138000000000005,1.53e+05
8.8186999999999998,1.53e+05
8.8236000000000008,1.53e+05
8.8285999999999998,1.54e+05
8.8336000000000006,1.54e+05
8.8385999999999996,1.54e+05
8.8435000000000006,1.54e+05
8.8484999999999996,1.54e+05
8.8535000000000004,1.54e+05
8.8584999999999994,1.54e+05
8.8635000000000002,1.54e+05
8.8684999999999992,1.54e+05
8.8734999999999999,1.54e+05
8.8785000000000007,1.54e+05
8.8834999999999997,1.55e+05
8.8885000000000005,1.55e+05
8.8934999999999995,1.55e+05
8.8985000000000003,1.55e+05
8.9034999999999993,1.55e+05
8.9085000000000001,1.55e+05
8.9135000000000009,1.55e+05
8.9184999999999999,1.55e+05
8.9235000000000007,1.55e+05
8.9285999999999994,1.55e+05
8.9336000000000002,1.56e+05
8.9385999999999992,1.56e+05
8.9436,1.56e+05
8.9486000000000008,1.56e+05
8.9535999999999998,1.56e+05
8.9586000000000006,1.56e+05
8.9635999999999996,1.56e+05
8.9686000000000003,1.56e+05
8.9735999999999994,1.56e+05
8.9786000000000001,1.56e+05
8.9835999999999991,1.57e+05
8.9885999999999999,1.57e+05
8.9934999999999992,1.57e+05
8.9984999999999999,1.57e+05
9.0035000000000007,1.57e+05
9.0084999999999997,1.57e+05
9.0134000000000007,1.57e+05
9.0183999999999997,1.57e+05
9.0234000000000005,1.57e+05
9.0283999999999995,1.57e+05
9.0334000000000003,1.58e+05
9.0382999999999996,1.58e+05
9.0433000000000003,1.58e+05
9.0482999999999993,1.58e+05
9.0533000000000001,1.58e+05
9.0582999999999991,1.58e+05
9.0632999999999999,1.58e+05
9.0681999999999992,1.58e+05
9.0731999999999999,1.58e+05
9.0782000000000007,1.58e+05
9.0831999999999997,1.59e+05
9.0882000000000005,1.59e+05
9.0931999999999995,1.59e+05
9.0983000000000001,1.59e+05
9.1033000000000008,1.59e+05
9.1082999999999998,1.59e+05
9.1134000000000004,1.59e+05
9.1183999999999994,1.59e+05
9.1234999999999999,1.59e+05
9.1285000000000007,1.59e+05
9.1335999999999995,1.60e+05
9.1386000000000003,1.60e+05
9.1435999999999993,1.60e+05
9.1486000000000001,1.60e+05
9.1537000000000006,1.60e+05
9.1586999999999996,1.60e+05
9.1637000000000004,1.60e+05
9.1686999999999994,1.60e+05
9.1737000000000002,1.60e+05
9.1788000000000007,1.60e+05
9.1837999999999997,1.61e+05
9.1888000000000005,1.61e+05
9.1936999999999998,1.61e+05
9.1988000000000003,1.61e+05
9.2037999999999993,1.61e+05
9.2088000000000001,1.61e+05
9.2136999999999993,1.61e+05
9.2187000000000001,1.61e+05
9.2236999999999991,1.61e+05
9.2286999999999999,1.61e+05
9.2337000000000007,1.62e+05
9.2385999999999999,1.62e+05
9.2436000000000007,1.62e+05
9.2485999999999997,1.62e+05
9.2535000000000007,1.62e+05
9.2584999999999997,1.62e+05
9.2635000000000005,1.62e+05
9.2683999999999997,1.62e+05
9.2734000000000005,1.62e+05
9.2783999999999995,1.62e+05
9.2834000000000003,1.63e+05
9.2882999999999996,1.63e+05
9.2933000000000003,1.63e+05
9.2982999999999993,1.63e+05
9.3032000000000004,1.63e+05
9.3081999999999994,1.63e+05
9.3132000000000001,1.63e+05
9.3180999999999994,1.63e+05
9.3231000000000002,1.63e+05
9.3280999999999992,1.63e+05
9.3330000000000002,1.64e+05
9.3379999999999992,1.64e+05
9.343,1.64e+05
9.3478999999999992,1.64e+05
9.3529,1.64e+05
9.3579000000000008,1.64e+05
9.3628999999999998,1.64e+05
9.3679000000000006,1.64e+05
9.3728999999999996,1.64e+05
9.3779000000000003,1.64e+05
9.3828999999999994,1.65e+05
9.3879000000000001,1.65e+05
9.3928999999999991,1.65e+05
9.3978999999999999,1.65e+05
9.4029000000000007,1.65e+05
9.4077999999999999,1.65e+05
9.4128000000000007,1.65e+05
9.4177999999999997,1.65e+05
9.4228000000000005,1.65e+05
9.4277999999999995,1.65e+05
9.4329000000000001,1.66e+05
9.4379000000000008,1.66e+05
9.4428999999999998,1.66e+05
9.4479000000000006,1.66e+05
9.4528999999999996,1.66e+05
9.4579000000000004,1.66e+05
9.4628999999999994,1.66e+05
9.4679000000000002,1.66e+05
9.4728999999999992,1.66e+05
9.4779,1.67e+05
9.4829000000000008,1.67e+05
9.4878,1.67e+05
9.4928000000000008,1.67e+05
9.4977999999999998,1.67e+05
9.5028000000000006,1.67e+05
9.5076999999999998,1.67e+05
9.5127000000000006,1.67e+05
9.5176999999999996,1.67e+05
9.5227000000000004,1.67e+05
9.5275999999999996,1.68e+05
9.5326000000000004,1.68e+05
9.5375999999999994,1.68e+05
9.5426000000000002,1.68e+05
9.5475999999999992,1.68e+05
9.5526,1.68e+05
9.5574999999999992,1.68e+05
9.5625999999999998,1.68e+05
9.5675000000000008,1.68e+05
9.5724999999999998,1.68e+05
9.5775000000000006,1.69e+05
9.5825999999999993,1.69e+05
9.5876000000000001,1.69e+05
9.5925999999999991,1.69e+05
9.5975999999999999,1.69e+05
9.6026000000000007,1.69e+05
9.6075999999999997,1.69e+05
9.6127000000000002,1.69e+05
9.6176999999999992,1.69e+05
9.6227,1.70e+05
9.6277000000000008,1.70e+05
9.6326999999999998,1.70e+05
9.6377000000000006,1.70e+05
9.6426999999999996,1.70e+05
9.6477000000000004,1.70e+05
9.6526999999999994,1.70e+05
9.6576000000000004,1.70e+05
9.6625999999999994,1.70e+05
9.6676000000000002,1.70e+05
9.6725999999999992,1.71e+05
9.6776,1.71e+05
9.6826000000000008,1.71e+05
9.6875999999999998,1.71e+05
9.6926000000000005,1.71e+05
9.6975999999999996,1.71e+05
9.7026000000000003,1.71e+05
9.7075999999999993,1.71e+05
9.7126999999999999,1.71e+05
9.7175999999999991,1.72e+05
9.7225999999999999,1.72e+05
9.7277000000000005,1.72e+05
9.7326999999999995,1.72e+05
9.7376000000000005,1.72e+05
9.7425999999999995,1.72e+05
9.7476000000000003,1.72e+05
9.7525999999999993,1.72e+05
9.7576000000000001,1.72e+05
9.7626000000000008,1.73e+05
9.7675999999999998,1.73e+05
9.7727000000000004,1.73e+05
9.7776999999999994,1.73e+05
9.7827000000000002,1.73e+05
9.7876999999999992,1.73e+05
9.7927,1.73e+05
9.7977000000000007,1.73e+05
9.8026999999999997,1.73e+05
9.8077000000000005,1.73e+05
9.8126999999999995,1.74e+05
9.8177000000000003,1.74e+05
9.8226999999999993,1.74e+05
9.8277000000000001,1.74e+05
9.8327000000000009,1.74e+05
9.8376000000000001,1.74e+05
9.8425999999999991,1.74e+05
9.8475999999999999,1.74e+05
9.8526000000000007,1.74e+05
9.8575999999999997,1.75e+05
9.8626000000000005,1.75e+05
9.8675999999999995,1.75e+05
9.8726000000000003,1.75e+05
9.8775999999999993,1.75e+05
9.8825000000000003,1.75e+05
9.8874999999999993,1.75e+05
9.8925000000000001,1.75e+05
9.8975000000000009,1.75e+05
9.9024000000000001,1.76e+05
9.9074000000000009,1.76e+05
9.9123999999999999,1.76e+05
9.9174000000000007,1.76e+05
9.9223999999999997,1.76e+05
9.9274000000000004,1.76e+05
9.9324999999999992,1.76e+05
9.9375,1.76e+05
9.9425000000000008,1.76e+05
9.9474999999999998,1.77e+05
9.9525000000000006,1.77e+05
9.9574999999999996,1.77e+05
9.9625000000000004,1.77e+05
9.9674999999999994,1.77e+05
9.9725000000000001,1.77e+05
9.9774999999999991,1.77e+05
9.9824999999999999,1.77e+05
9.9875000000000007,1.77e+05
9.9923999999999999,1.77e+05
9.9974000000000007,1.78e+05
10.0024,1.78e+05
10.007400000000001,1.78e+05
10.0124,1.78e+05
10.0174,1.78e+05
10.0223,1.78e+05
10.0274,1.78e+05
10.032299999999999,1.78e+05
10.0373,1.78e+05
10.042299999999999,1.79e+05
10.0473,1.79e+05
10.052199999999999,1.79e+05
10.0572,1.79e+05
10.062200000000001,1.79e+05
10.0672,1.79e+05
10.072100000000001,1.79e+05
10.0771,1.79e+05
10.082100000000001,1.79e+05
10.0871,1.80e+05
10.0921,1.80e+05
10.097099999999999,1.80e+05
10.1021,1.80e+05
10.107100000000001,1.80e+05
10.1121,1.80e+05
10.117100000000001,1.80e+05
10.1221,1.80e+05
10.1272,1.81e+05
10.132199999999999,1.81e+05
10.1372,1.81e+05
10.142099999999999,1.81e+05
10.1472,1.81e+05
10.152200000000001,1.81e+05
10.1572,1.81e+05
10.162100000000001,1.81e+05
10.167199999999999,1.81e+05
10.1722,1.82e+05
10.177199999999999,1.82e+05
10.1822,1.82e+05
10.187200000000001,1.82e+05
10.1922,1.82e+05
10.1972,1.82e+05
10.202199999999999,1.82e+05
10.2073,1.82e+05
10.212300000000001,1.82e+05
10.2173,1.83e+05
10.222200000000001,1.83e+05
10.2273,1.83e+05
10.232200000000001,1.83e+05
10.2372,1.83e+05
10.2422,1.83e+05
10.247199999999999,1.83e+05
10.2522,1.83e+05
10.257099999999999,1.83e+05
10.2621,1.84e+05
10.267099999999999,1.84e+05
10.2721,1.84e+05
10.277100000000001,1.84e+05
10.2821,1.84e+05
10.287000000000001,1.84e+05
10.292,1.84e+05
10.297000000000001,1.84e+05
10.302,1.85e+05
10.306900000000001,1.85e+05
10.3119,1.85e+05
10.3169,1.85e+05
10.321899999999999,1.85e+05
10.3269,1.85e+05
10.331899999999999,1.85e+05
10.3369,1.85e+05
10.341900000000001,1.86e+05
10.3469,1.86e+05
10.351900000000001,1.86e+05
10.3569,1.86e+05
10.3619,1.86e+05
10.366899999999999,1.86e+05
10.3719,1.86e+05
10.376899999999999,1.86e+05
10.3819,1.86e+05
10.386900000000001,1.87e+05
10.3919,1.87e+05
10.3969,1.87e+05
10.401899999999999,1.87e+05
10.4069,1.87e+05
10.411899999999999,1.87e+05
10.4169,1.87e+05
10.421900000000001,1.87e+05
10.427,1.88e+05
10.432,1.88e+05
10.436999999999999,1.88e+05
10.442,1.88e+05
10.447100000000001,1.88e+05
10.4521,1.88e+05
10.457100000000001,1.88e+05
10.4621,1.88e+05
10.4671,1.88e+05
10.472099999999999,1.89e+05
10.4771,1.89e+05
10.482100000000001,1.89e+05
10.4871,1.89e+05
10.492000000000001,1.89e+05
10.497,1.89e+05
10.501899999999999,1.89e+05
10.5069,1.89e+05
10.511799999999999,1.90e+05
10.5168,1.90e+05
10.521800000000001,1.90e+05
10.5267,1.90e+05
10.531700000000001,1.90e+05
10.5367,1.90e+05
10.541600000000001,1.90e+05
10.5466,1.90e+05
10.551500000000001,1.90e+05
10.5565,1.91e+05
10.561500000000001,1.91e+05
10.5664,1.91e+05
10.571400000000001,1.91e+05
10.5764,1.91e+05
10.5814,1.91e+05
10.586399999999999,1.91e+05
10.5914,1.91e+05
10.596399999999999,1.92e+05
10.6014,1.92e+05
10.606400000000001,1.92e+05
10.6114,1.92e+05
10.616400000000001,1.92e+05
10.6214,1.92e+05
10.6264,1.92e+05
10.631399999999999,1.92e+05
10.6364,1.93e+05
10.641400000000001,1.93e+05
10.6464,1.93e+05
10.651400000000001,1.93e+05
10.6563,1.93e+05
10.661300000000001,1.93e+05
10.6663,1.93e+05
10.6713,1.93e+05
10.676299999999999,1.93e+05
10.6813,1.94e+05
10.686299999999999,1.94e+05
10.6913,1.94e+05
10.696300000000001,1.94e+05
10.7013,1.94e+05
10.706300000000001,1.94e+05
10.711399999999999,1.94e+05
10.7163,1.94e+05
10.721399999999999,1.95e+05
10.7264,1.95e+05
10.731400000000001,1.95e+05
10.7364,1.95e+05
10.741300000000001,1.95e+05
10.7463,1.95e+05
10.751300000000001,1.95e+05
10.7563,1.95e+05
10.7613,1.96e+05
10.766299999999999,1.96e+05
10.7713,1.96e+05
10.776300000000001,1.96e+05
10.7814,1.96e+05
10.7864,1.96e+05
10.791399999999999,1.96e+05
10.7964,1.96e+05
10.801399999999999,1.97e+05
10.8064,1.97e+05
10.811400000000001,1.97e+05
10.8164,1.97e+05
10.821400000000001,1.97e+05
10.8264,1.97e+05
10.8315,1.97e+05
10.836499999999999,1.97e+05
10.8415,1.97e+05
10.846500000000001,1.98e+05
10.851599999999999,1.98e+05
10.8566,1.98e+05
10.861599999999999,1.98e+05
10.8666,1.98e+05
10.871600000000001,1.98e+05
10.8766,1.98e+05
10.881600000000001,1.98e+05
10.8866,1.99e+05
10.8916,1.99e+05
10.896599999999999,1.99e+05
10.9016,1.99e+05
10.906599999999999,1.99e+05
10.9116,1.99e+05
10.916600000000001,1.99e+05
10.9216,1.99e+05
10.926600000000001,2.00e+05
10.9316,2.00e+05
10.9366,2.00e+05
10.941599999999999,2.00e+05
10.9467,2.00e+05
